[
    {
        "members": [
            {
                "name": "low",
                "offset": 0,
                "type": "felt"
            },
            {
                "name": "high",
                "offset": 1,
                "type": "felt"
            }
        ],
        "name": "Uint256",
        "size": 2,
        "type": "struct"
    },
    {
        "members": [
            {
                "name": "__warp_usrid0_escrowId",
                "offset": 0,
                "type": "Uint256"
            },
            {
                "name": "__warp_usrid1_amount",
                "offset": 2,
                "type": "Uint256"
            },
            {
                "name": "__warp_usrid2_projectId",
                "offset": 4,
                "type": "Uint256"
            },
            {
                "name": "__warp_usrid3_projectStartDate",
                "offset": 6,
                "type": "Uint256"
            },
            {
                "name": "__warp_usrid4_projectEndDate",
                "offset": 8,
                "type": "Uint256"
            },
            {
                "name": "__warp_usrid5_payer",
                "offset": 10,
                "type": "felt"
            },
            {
                "name": "__warp_usrid6_payee",
                "offset": 11,
                "type": "felt"
            }
        ],
        "name": "Escrow_19827e01",
        "size": 12,
        "type": "struct"
    },
    {
        "inputs": [
            {
                "name": "__warp_usrid12_contract_addr",
                "type": "felt"
            }
        ],
        "name": "constructor",
        "outputs": [],
        "type": "constructor"
    },
    {
        "inputs": [
            {
                "name": "__warp_usrid13__amount",
                "type": "Uint256"
            },
            {
                "name": "__warp_usrid14__projectId",
                "type": "Uint256"
            },
            {
                "name": "__warp_usrid15__projectStartDate",
                "type": "Uint256"
            },
            {
                "name": "__warp_usrid16__projectEndDate",
                "type": "Uint256"
            },
            {
                "name": "__warp_usrid17__payee",
                "type": "felt"
            },
            {
                "name": "__warp_usrid18__payer",
                "type": "felt"
            }
        ],
        "name": "createEscrow_d35238f4",
        "outputs": [
            {
                "name": "__warp_usrid19_",
                "type": "Uint256"
            }
        ],
        "type": "function"
    },
    {
        "inputs": [
            {
                "name": "__warp_usrid20_eId",
                "type": "Uint256"
            }
        ],
        "name": "escrowSettle_7c3793f9",
        "outputs": [],
        "type": "function"
    },
    {
        "inputs": [
            {
                "name": "__warp_usrid22_eId",
                "type": "Uint256"
            }
        ],
        "name": "getEscrow_7d19e596",
        "outputs": [
            {
                "name": "__warp_usrid23_",
                "type": "Escrow_19827e01"
            }
        ],
        "stateMutability": "view",
        "type": "function"
    }
]
